{"cameraMode":{"drawMode":0,"name":"Shaded","section":"Shading Mode"},"sceneLighting":false,"audioPlay":false,"sceneViewState":{"showFog":true,"showMaterialUpdate":false,"showSkybox":false,"showFlares":true,"showImageEffects":true,"showParticleSystems":true},"in2DMode":false,"pivot":{"x":-0.1150781512260437,"y":0.17397505044937135,"z":-0.023813486099243165},"rotation":{"x":-0.055974069982767108,"y":0.18580134212970735,"z":-0.010601977817714215,"w":-0.9809404611587524},"size":2.345108985900879,"orthographic":false}