{"cameraMode":{"drawMode":0,"name":"Shaded","section":"Shading Mode"},"sceneLighting":true,"audioPlay":false,"sceneViewState":{"showFog":true,"showMaterialUpdate":false,"showSkybox":true,"showFlares":true,"showImageEffects":true,"showParticleSystems":true},"in2DMode":false,"pivot":{"x":0.6251848340034485,"y":3.0984854698181154,"z":3.9708926677703859},"rotation":{"x":0.03896782919764519,"y":0.03416138142347336,"z":0.001332554267719388,"w":-0.9986622929573059},"size":1.791104793548584,"orthographic":false}